[
    {
      "id": 1,
      "name": "java",
      "description": "Basic Java",
      "createdDate": "2019-06-17T18:30:00.000+0000",
      "resourceDTO": {
        "id": 19,
        "name": "Java",
        "url": "D:/temp/java.jpg",
        "type": "thumbnail"
      },
      "authors": [
        {
          "id": 6,
          "firstName": "Agrasha",
          "lastName": "Janarthanan",
          "email": "agrasha.janarthanan@object-frontier.com",
          "lastLoggedIn": null,
          "active": true
        }
      ],
      "selfAssignable": true
    },
    {
      "id": 2,
      "name": "javascript",
      "description": "Js",
      "createdDate": "2019-06-17T18:30:00.000+0000",
      "resourceDTO": {
        "id": 86,
        "name": "Chrysanthemum.jpg",
        "url": "D:\\temp\\image\\Chrysanthemum03-06-2019 15.09.jpg",
        "type": "image/jpeg"
      },
      "authors": [
        {
          "id": 34,
          "firstName": "jay",
          "lastName": "a",
          "email": "jay@gmail.com",
          "lastLoggedIn": "2019-05-21T13:07:41.000+0000",
          "active": true
        }
      ],
      "selfAssignable": true
    },
    {
      "id": 3,
      "name": "Angular",
      "description": "Frontend",
      "createdDate": "2019-06-17T18:30:00.000+0000",
      "resourceDTO": {
        "id": 87,
        "name": "Chrysanthemum.jpg",
        "url": "D:\\temp\\image\\Chrysanthemum03-06-2019 15.10.jpg",
        "type": "image/jpeg"
      },
      "authors": [
        {
          "id": 11,
          "firstName": "Ayshu",
          "lastName": "E",
          "email": "ayshu@ofs.com",
          "lastLoggedIn": null,
          "active": true
        },
        {
          "id": 19,
          "firstName": "keerthana",
          "lastName": "r",
          "email": "keerthana@gmail.com",
          "lastLoggedIn": "2019-04-27T09:44:52.000+0000",
          "active": true
        },
        {
          "id": 23,
          "firstName": "shivani",
          "lastName": "nagi",
          "email": "shivani@gmail.com",
          "lastLoggedIn": "2019-05-03T04:13:10.000+0000",
          "active": true
        },
        {
          "id": 30,
          "firstName": "devasena",
          "lastName": "",
          "email": "dev@gmail.com",
          "lastLoggedIn": "2019-05-13T14:43:14.000+0000",
          "active": true
        }
      ],
      "selfAssignable": true
    },
    {
      "id": 4,
      "name": "React",
      "description": "Frontend",
      "createdDate": "2019-06-17T18:30:00.000+0000",
      "resourceDTO": {
        "id": 73,
        "name": "test.mp4",
        "url": "D:\\temp\\video\\test.mp4",
        "type": "video/mp4"
      },
      "authors": [
        {
          "id": 31,
          "firstName": "deva",
          "lastName": "sena",
          "email": "deva@gmail.com",
          "lastLoggedIn": "2019-05-10T07:53:35.000+0000",
          "active": true
        },
        {
          "id": 23,
          "firstName": "shivani",
          "lastName": "nagi",
          "email": "shivani@gmail.com",
          "lastLoggedIn": "2019-05-03T04:13:10.000+0000",
          "active": true
        }
      ],
      "selfAssignable": true
    },
    {
      "id": 5,
      "name": "DotNet",
      "description": "Backend",
      "createdDate": "2019-06-17T18:30:00.000+0000",
      "resourceDTO": {
        "id": 23,
        "name": "MVP4-tableDocumentation.txt",
        "url": "D:\\temp\\files\\MVP4-tableDocumentation13-03-2019 17.05.txt",
        "type": "text/plain"
      },
      "authors": [],
      "selfAssignable": true
    },
    {
      "id": 6,
      "name": "Python",
      "description": "Backend",
      "createdDate": "2019-06-17T18:30:00.000+0000",
      "resourceDTO": {
        "id": 24,
        "name": "MyJavaP.demo.mp4",
        "url": "D:\\temp\\video\\MyJavaP.demo13-03-2019 17.06.mp4",
        "type": "video/mp4"
      },
      "authors": [],
      "selfAssignable": true
    },
    {
      "id": 7,
      "name": "php",
      "description": "PHP",
      "createdDate": "2019-06-17T18:30:00.000+0000",
      "resourceDTO": {
        "id": 25,
        "name": "Lift.etiquette.mp4",
        "url": "D:\\temp\\video\\Lift.etiquette13-03-2019 17.13.mp4",
        "type": "video/mp4"
      },
      "authors": [
        {
          "id": 23,
          "firstName": "shivani",
          "lastName": "nagi",
          "email": "shivani@gmail.com",
          "lastLoggedIn": "2019-05-03T04:13:10.000+0000",
          "active": true
        },
        {
          "id": 30,
          "firstName": "devasena",
          "lastName": "",
          "email": "dev@gmail.com",
          "lastLoggedIn": "2019-05-13T14:43:14.000+0000",
          "active": true
        },
        {
          "id": 31,
          "firstName": "deva",
          "lastName": "sena",
          "email": "deva@gmail.com",
          "lastLoggedIn": "2019-05-10T07:53:35.000+0000",
          "active": true
        },
        {
          "id": 34,
          "firstName": "jay",
          "lastName": "a",
          "email": "jay@gmail.com",
          "lastLoggedIn": "2019-05-21T13:07:41.000+0000",
          "active": true
        },
        {
          "id": 36,
          "firstName": "ashok",
          "lastName": "r",
          "email": "ashok@gmail.com",
          "lastLoggedIn": "2019-06-03T07:16:30.000+0000",
          "active": true
        },
        {
          "id": 95,
          "firstName": "karthick",
          "lastName": "raja",
          "email": "raja@ofs.com",
          "lastLoggedIn": "2019-05-16T20:53:46.000+0000",
          "active": true
        },
        {
          "id": 96,
          "firstName": "mani",
          "lastName": "raja",
          "email": "1raja@ofs.com",
          "lastLoggedIn": "2019-05-16T20:53:46.000+0000",
          "active": true
        }
      ],
      "selfAssignable": true
    },
    {
      "id": 8,
      "name": "Block chain",
      "description": "Blockchain",
      "createdDate": "2019-06-17T18:30:00.000+0000",
      "resourceDTO": {
        "id": 26,
        "name": "Hydrangeas.jpg",
        "url": "D:\\temp\\image\\Hydrangeas15-03-2019 15.24.jpg",
        "type": "image/jpeg"
      },
      "authors": [
        {
          "id": 30,
          "firstName": "devasena",
          "lastName": "",
          "email": "dev@gmail.com",
          "lastLoggedIn": "2019-05-13T14:43:14.000+0000",
          "active": true
        },
        {
          "id": 31,
          "firstName": "deva",
          "lastName": "sena",
          "email": "deva@gmail.com",
          "lastLoggedIn": "2019-05-10T07:53:35.000+0000",
          "active": true
        },
        {
          "id": 36,
          "firstName": "ashok",
          "lastName": "r",
          "email": "ashok@gmail.com",
          "lastLoggedIn": "2019-06-03T07:16:30.000+0000",
          "active": true
        },
        {
          "id": 91,
          "firstName": "Ravali",
          "lastName": "Ravi",
          "email": "rav@ravali@gmail.com",
          "lastLoggedIn": null,
          "active": true
        },
        {
          "id": 92,
          "firstName": "Nivetha",
          "lastName": "M",
          "email": "nivetha@gmail.com",
          "lastLoggedIn": null,
          "active": true
        },
        {
          "id": 93,
          "firstName": "Shree",
          "lastName": "J",
          "email": "shree@gmail.com",
          "lastLoggedIn": null,
          "active": true
        }
      ],
      "selfAssignable": true
    },
    {
      "id": 9,
      "name": "Oops",
      "description": "Concept",
      "createdDate": "2019-06-17T18:30:00.000+0000",
      "resourceDTO": {
        "id": 27,
        "name": "Penguins.jpg",
        "url": "D:\\temp\\image\\Penguins15-03-2019 15.26.jpg",
        "type": "image/jpeg"
      },
      "authors": [
        {
          "id": 91,
          "firstName": "Ravali",
          "lastName": "Ravi",
          "email": "rav@ravali@gmail.com",
          "lastLoggedIn": null,
          "active": true
        }
      ],
      "selfAssignable": true
    },
    {
      "id": 10,
      "name": "DB",
      "description": "Database",
      "createdDate": "2019-06-17T18:30:00.000+0000",
      "resourceDTO": {
        "id": 28,
        "name": "hgignore_global.txt",
        "url": "D:\\temp\\files\\hgignore_global15-03-2019 15.28.txt",
        "type": "text/plain"
      },
      "authors": [],
      "selfAssignable": true
    },
    {
      "id": 11,
      "name": "Jquery",
      "description": "Frontend",
      "createdDate": "2019-06-17T18:30:00.000+0000",
      "resourceDTO": {
        "id": 29,
        "name": "Wildlife.wmv",
        "url": "D:\\temp\\video\\Wildlife15-03-2019 15.30.wmv",
        "type": "video/x-ms-wmv"
      },
      "authors": [],
      "selfAssignable": true
    },
    {
      "id": 12,
      "name": "HTML",
      "description": "Frontend",
      "createdDate": "2019-06-17T18:30:00.000+0000",
      "resourceDTO": {
        "id": 60,
        "name": "gruntSS",
        "url": "D:/temp",
        "type": "image"
      },
      "authors": [],
      "selfAssignable": true
    },
    {
      "id": 13,
      "name": "CSS",
      "description": "Frontend",
      "createdDate": "2019-06-17T18:30:00.000+0000",
      "resourceDTO": {
        "id": 62,
        "name": "SS",
        "url": "D:/temp/image2/view-bids-input15-05-2019 11.39.png",
        "type": "image"
      },
      "authors": [],
      "selfAssignable": true
    },
    {
      "id": 14,
      "name": "EmberJs",
      "description": "Frontend",
      "createdDate": "2019-06-17T18:30:00.000+0000",
      "resourceDTO": {
        "id": 63,
        "name": "SS",
        "url": "C:/Users/devasena.s/Desktop/withcaptchaset.png",
        "type": "image"
      },
      "authors": [],
      "selfAssignable": true
    },
    {
      "id": 15,
      "name": "VueJs",
      "description": "Frontend",
      "createdDate": "2019-06-17T18:30:00.000+0000",
      "resourceDTO": {
        "id": 65,
        "name": "12222",
        "url": "/Users/superadmin/Desktop/12222.png",
        "type": "png"
      },
      "authors": [],
      "selfAssignable": true
    },
    {
      "id": 18,
      "name": "Spring boot",
      "description": "Backend",
      "createdDate": "2019-06-17T18:30:00.000+0000",
      "resourceDTO": {
        "id": 19,
        "name": "Java",
        "url": "D:/temp/java.jpg",
        "type": "thumbnail"
      },
      "authors": [],
      "selfAssignable": false
    },
    {
      "id": 26,
      "name": "Spring MVC",
      "description": "Spring MVC",
      "createdDate": "2019-06-20T12:03:08.000+0000",
      "resourceDTO": {
        "id": 19,
        "name": "Java",
        "url": "D:/temp/java.jpg",
        "type": "thumbnail"
      },
      "authors": [],
      "selfAssignable": true
    },
    {
      "id": 31,
      "name": "Hbernate",
      "description": "Hbernate",
      "createdDate": "2019-06-21T04:42:25.000+0000",
      "resourceDTO": {
        "id": 19,
        "name": "Java",
        "url": "D:/temp/java.jpg",
        "type": "thumbnail"
      },
      "authors": [],
      "selfAssignable": true
    },
    {
      "id": 40,
      "name": "Spring",
      "description": "Spring",
      "createdDate": "2019-06-24T13:36:36.000+0000",
      "resourceDTO": {
        "id": 19,
        "name": "Java",
        "url": "D:/temp/java.jpg",
        "type": "thumbnail"
      },
      "authors": [],
      "selfAssignable": true
    },
    {
      "id": 41,
      "name": "Spring",
      "description": "Spring",
      "createdDate": "2019-06-24T13:36:36.000+0000",
      "resourceDTO": {
        "id": 19,
        "name": "Java",
        "url": "D:/temp/java.jpg",
        "type": "thumbnail"
      },
      "authors": [],
      "selfAssignable": true
    },
    {
      "id": 53,
      "name": "python",
      "description": "kafka",
      "createdDate": "2019-06-25T09:51:11.000+0000",
      "resourceDTO": {
        "id": 22,
        "name": "Python",
        "url": "D:/temp/python.jpg",
        "type": "thumbnail"
      },
      "authors": [],
      "selfAssignable": true
    },
    {
      "id": 73,
      "name": "python basics",
      "description": "bascic of python",
      "createdDate": "2019-06-26T06:48:33.000+0000",
      "resourceDTO": {
        "id": 21,
        "name": "Python\r\nPython",
        "url": "D:temp/python.jpg",
        "type": "thumbnail"
      },
      "authors": [],
      "selfAssignable": true
    }
  ]