{
  "user": [
    {
      "id": 1710,
      "firstName": "Soundarya",
      "lastName": "Atgondan",
      "email": "String",
      "lastLoggedIn": "String",
      "isActive": "Boolean",
      "roles": [
        {
          "id": 12,
          "name": "Trainer",
          "hasCourse": true,
          "course": [
            {
              "id": 1,
              "name": "c++",
              "description": "String",
              "isCompleted": "Boolean",
              "isAssignable": "Boolean",
              "resourceId": "long",
              "isActive": true
            },
            {
              "id": 2,
              "name": "OOPS",
              "description": "String",
              "isCompleted": "Boolean",
              "isAssignable": "Boolean",
              "resourceId": "long",
              "isActive": true
            }
          ]
        },
        {
          "id": 13,
          "name": "Evaluator",
          "hasCourse": true,
          "course": [
            {
              "id": 3,
              "name": "js",
              "description": "String",
              "isCompleted": "Boolean",
              "isAssignable": "Boolean",
              "resourceId": "long",
              "isActive": true
            },
            {
              "id": 4,
              "name": "angular",
              "description": "String",
              "isCompleted": "Boolean",
              "isAssignable": "Boolean",
              "resourceId": "long",
              "isActive": true
            }
          ]
        },
        {
          "id": 14,
          "name": "Author",
          "hasCourse": true,
          "course": [
            {
              "id": 5,
              "name": "ts",
              "description": "String",
              "isCompleted": "Boolean",
              "isAssignable": "Boolean",
              "resourceId": "long",
              "isActive": true
            },
            {
              "id": 1,
              "name": "c++",
              "description": "String",
              "isCompleted": "Boolean",
              "isAssignable": "Boolean",
              "resourceId": "long",
              "isActive": true
            }
          ]
        }
      ]
    },
    {
      "id": 1713,
      "firstName": "Rithvic",
      "lastName": "Rishvi",
      "email": "String",
      "lastLoggedIn": "String",
      "isActive": "Boolean",
      "roles": [
        {
          "id": 12,
          "name": "Trainer",
          "hasCourse": true,
          "course": [
            {
              "id": 2,
              "name": "OOPS",
              "description": "String",
              "isCompleted": "Boolean",
              "isAssignable": "Boolean",
              "resourceId": "long",
              "isActive": true
            },
            {
              "id": 8,
              "name": ".net",
              "description": "String",
              "isCompleted": "Boolean",
              "isAssignable": "Boolean",
              "resourceId": "long",
              "isActive": true
            }
          ]
        },
        {
          "id": 13,
          "name": "Evaluator",
          "hasCourse": true,
          "course": [
            {
              "id": 9,
              "name": "phython",
              "description": "String",
              "isCompleted": "Boolean",
              "isAssignable": "Boolean",
              "resourceId": "long",
              "isActive": true
            },
            {
              "id": 10,
              "name": "c#",
              "description": "String",
              "isCompleted": "Boolean",
              "isAssignable": "Boolean",
              "resourceId": "long",
              "isActive": true
            }
          ]
        },
        {
          "id": 14,
          "name": "Author",
          "hasCourse": true,
          "course": [
            {
              "id": 11,
              "name": "dotnet",
              "description": "String",
              "isCompleted": "Boolean",
              "isAssignable": "Boolean",
              "resourceId": "long",
              "isActive": true
            }
          ]
        }
      ]
    },
    {
      "id": 1714,
      "firstName": "Abi",
      "lastName": "Harishma",
      "email": "String",
      "lastLoggedIn": "String",
      "isActive": "Boolean",
      "roles": [
        {
          "id": 15,
          "name": "Co-ordinator",
          "hasCourse": false
        }
      ]
    },
    {
      "id": 1715,
      "firstName": "Vijay",
      "lastName": "Kumar",
      "email": "String",
      "lastLoggedIn": "String",
      "isActive": "Boolean",
      "roles": [
        {
          "id": 12,
          "name": "Trainer",
          "hasCourse": true,
          "course": [
            {
              "id": 10,
              "name": "Blockchain",
              "description": "String",
              "isCompleted": "Boolean",
              "isAssignable": "Boolean",
              "resourceId": "long",
              "isActive": true
            },
            {
              "id": 15,
              "name": "Coffeescript",
              "description": "String",
              "isCompleted": "Boolean",
              "isAssignable": "Boolean",
              "resourceId": "long",
              "isActive": true
            }
          ]
        }
      ]
    },
    {
      "id": 1716,
      "firstName": "Rino",
      "lastName": "Filep",
      "email": "String",
      "lastLoggedIn": "String",
      "isActive": "Boolean",
      "roles": [
        {
          "id": 14,
          "name": "Author",
          "hasCourse": true,
          "course": [
            {
              "id": 10,
              "name": "Blockchain",
              "description": "String",
              "isCompleted": "Boolean",
              "isAssignable": "Boolean",
              "resourceId": "long",
              "isActive": true
            }
          ]
        }
      ]
    },
    {
      "id": 1717,
      "firstName": "Ashrikaa",
      "lastName": "Maddy",
      "email": "String",
      "lastLoggedIn": "String",
      "isActive": "Boolean",
      "roles": [
        {
          "id": 13,
          "name": "Evaluator",
          "hasCourse": true,
          "course": [
            {
              "id": 21,
              "name": "spring",
              "description": "String",
              "isCompleted": "Boolean",
              "isAssignable": "Boolean",
              "resourceId": "long",
              "isActive": true
            }
          ]
        }
      ]
    },
    {
      "id": 1720,
      "firstName": "Arun",
      "lastName": "Kumar",
      "email": "String",
      "lastLoggedIn": "String",
      "isActive": "Boolean",
      "roles": [
        {
          "id": 30,
          "name": "RMO",
          "hasCourse": false
        }
      ]
    }
  ]
}