[
    {
      "id": 1,
      "name": "Trainer",
      "hasCourse": true
    },
    {
      "id": 2,
      "name": "Author",
      "hasCourse": true
    },
    {
      "id": 3,
      "name": "Evaluator",
      "hasCourse": true
    },
    {
      "id": 12,
      "name": "Reviewer",
      "hasCourse": true
    },
    {
      "id": 8,
      "name": "Co ordinator",
      "hasCourse": false
    },
    {
      "id": 9,
      "name": "OX",
      "hasCourse": false
    },
    {
      "id": 10,
      "name": "Management",
      "hasCourse": false
    },
    {
      "id": 11,
      "name": "RMO",
      "hasCourse": false
    }
  ]