{
  "user": [
    {
      "id": 1,
      "first_name": "Sebastian",
      "last_name": "Eschweiler",
      "email": "sebastian@codingthesmartway.com"
    },
    {
      "id": 2,
      "first_name": "Steve",
      "last_name": "Palmer",
      "email": "steve@codingthesmartway.com"
    },
    {
      "id": 3,
      "first_name": "Ann",
      "last_name": "Smith",
      "email": "ann@codingthesmartway.com"
    },
    {
      "id": 4,
      "first_name": "Shahul",
      "last_name": "Hameed",
      "email": "sebastian@codingthesmartway.com"
    },
    {
      "id": 5,
      "first_name": "Soundharya",
      "last_name": "Atgondan",
      "email": "steve@codingthesmartway.com"
    },
    {
      "id": 6,
      "first_name": "Karthick",
      "last_name": "Kandasamy",
      "email": "ann@codingthesmartway.com"
    },
    {
      "id": 7,
      "first_name": "Anil",
      "last_name": "Saagu",
      "email": "ann@codingthesmartway.com"
    },
    {
      "id": 8,
      "first_name": "Vamsi",
      "last_name": "Krishna",
      "email": "sebastian@codingthesmartway.com"
    },
    {
      "id": 9,
      "first_name": "Bhargav",
      "last_name": "Reddy",
      "email": "steve@codingthesmartway.com"
    },
    {
      "id": 10,
      "first_name": "Sethu",
      "last_name": "Prasad",
      "email": "ann@codingthesmartway.com"
    }
  ],
  "courseDetails": [
  ]
}
